tmdb_id,title,year,status,rt_url,rt_title,imdb_id,critics_score,critics_sentiment,audience_score,audience_sentiment,mpaa_rating
3924,Blondie,,ok,https://www.rottentomatoes.com/tv/blondie,Blondie,,,,,,
8773,Love at Twenty,,ok,https://www.rottentomatoes.com/m/love_at_twenty,Love at Twenty,,,,76,POSITIVE,
25449,New World Disorder 9: Never Enough,,ok,https://www.rottentomatoes.com/m/new_world_disorder,New World Disorder,,,,14,NEGATIVE,R
2,Ariel,,ok,https://www.rottentomatoes.com/m/ariel,Ariel,,,,87,POSITIVE,
3,Shadows in Paradise,,ok,https://www.rottentomatoes.com/m/shadows_in_paradise,Shadows in Paradise,,,,87,POSITIVE,
5,Four Rooms,,ok,https://www.rottentomatoes.com/m/four_rooms,Four Rooms,,13,NEGATIVE,69,POSITIVE,R
6,Judgment Night,,ok,https://www.rottentomatoes.com/m/judgment_night,Judgment Night,,38,NEGATIVE,55,NEGATIVE,R
8,Life in Loops (A Megacities RMX),,ok,https://www.rottentomatoes.com/m/life_in_a_year,Life in a Year,,,,81,POSITIVE,PG-13
9,Sunday in August,,ok,https://www.rottentomatoes.com/m/sunday-in-august,Sunday in August,,,,,,
11,Star Wars,,ok,https://www.rottentomatoes.com/m/star_wars_the_mandalorian_and_grogu,Star Wars: The Mandalorian and Grogu,,60,POSITIVE,87,POSITIVE,PG-13
12,Finding Nemo,,ok,https://www.rottentomatoes.com/m/finding_nemo,Finding Nemo,,99,POSITIVE,86,POSITIVE,G
13,Forrest Gump,,ok,https://www.rottentomatoes.com/m/forrest_gump,Forrest Gump,,75,POSITIVE,95,POSITIVE,PG-13
14,American Beauty,,ok,https://www.rottentomatoes.com/m/american_beauty,American Beauty,,87,POSITIVE,93,POSITIVE,R
15,Citizen Kane,,ok,https://www.rottentomatoes.com/m/citizen_kane,Citizen Kane,,99,POSITIVE,99,POSITIVE,PG
16,Dancer in the Dark,,ok,https://www.rottentomatoes.com/m/dancer_in_the_dark,Dancer in the Dark,,69,POSITIVE,91,POSITIVE,R
17,The Dark,,ok,https://www.rottentomatoes.com/tv/the_dark,The Dark,,,,,,
18,The Fifth Element,,ok,https://www.rottentomatoes.com/m/fifth_element,The Fifth Element,,70,POSITIVE,87,POSITIVE,PG-13
19,Metropolis,,ok,https://www.rottentomatoes.com/m/metropolis,Metropolis,,97,POSITIVE,91,POSITIVE,
20,My Life Without Me,,ok,https://www.rottentomatoes.com/m/my_life_without_me,My Life Without Me,,65,POSITIVE,87,POSITIVE,R
21,The Endless Summer,,ok,https://www.rottentomatoes.com/m/endless_summer,The Endless Summer,,100,POSITIVE,91,POSITIVE,
22,Pirates of the Caribbean: The Curse of the Black Pearl,,ok,https://www.rottentomatoes.com/m/pirates_of_the_caribbean_the_curse_of_the_black_pearl,Pirates of the Caribbean: The Curse of the Black Pearl,,79,POSITIVE,86,POSITIVE,PG-13
24,Kill Bill: Vol. 1,,ok,https://www.rottentomatoes.com/m/kill_bill_vol_1,Kill Bill: Vol. 1,,85,POSITIVE,81,POSITIVE,R
25,Jarhead,,ok,https://www.rottentomatoes.com/m/1152567-jarhead,Jarhead,,60,POSITIVE,68,POSITIVE,R
26,Walk on Water,,ok,https://www.rottentomatoes.com/m/walk_on_water,Walk on Water,,75,POSITIVE,87,POSITIVE,R
27,9 Songs,,ok,https://www.rottentomatoes.com/m/9_songs,9 Songs,,23,NEGATIVE,32,NEGATIVE,
28,Apocalypse Now,,ok,https://www.rottentomatoes.com/m/apocalypse_now,Apocalypse Now,,91,POSITIVE,94,POSITIVE,R
33,Unforgiven,,ok,https://www.rottentomatoes.com/m/1041911-unforgiven,Unforgiven,,96,POSITIVE,93,POSITIVE,R
35,The Simpsons Movie,,ok,https://www.rottentomatoes.com/m/the_simpsons_movie,The Simpsons Movie,,87,POSITIVE,77,POSITIVE,PG-13
38,Eternal Sunshine of the Spotless Mind,,ok,https://www.rottentomatoes.com/m/eternal_sunshine_of_the_spotless_mind,Eternal Sunshine of the Spotless Mind,,93,POSITIVE,94,POSITIVE,R
55,Amores Perros,,ok,https://www.rottentomatoes.com/m/amores_perros,Amores perros,,93,POSITIVE,94,POSITIVE,R
58,Pirates of the Caribbean: Dead Man's Chest,,ok,https://www.rottentomatoes.com/m/pirates_of_the_caribbean_dead_mans_chest,Pirates of the Caribbean: Dead Man's Chest,,53,NEGATIVE,72,POSITIVE,PG-13
59,A History of Violence,,ok,https://www.rottentomatoes.com/m/history_of_violence,A History of Violence,,88,POSITIVE,76,POSITIVE,R
62,2001: A Space Odyssey,,ok,https://www.rottentomatoes.com/m/2001_a_space_odyssey,2001: A Space Odyssey,,90,POSITIVE,88,POSITIVE,G
63,Twelve Monkeys,,ok,https://www.rottentomatoes.com/m/12_monkeys,12 Monkeys,,88,POSITIVE,88,POSITIVE,R
64,Talk to Her,,ok,https://www.rottentomatoes.com/m/talk_to_her,Talk to Her,,91,POSITIVE,92,POSITIVE,R
65,8 Mile,,ok,https://www.rottentomatoes.com/m/8_mile,8 Mile,,76,POSITIVE,54,NEGATIVE,R
66,Absolute Power,,ok,https://www.rottentomatoes.com/m/absolute_power,Absolute Power,,58,NEGATIVE,52,NEGATIVE,R
67,Paradise Now,,ok,https://www.rottentomatoes.com/m/paradise_now,Paradise Now,,89,POSITIVE,87,POSITIVE,PG-13
68,Brazil,,ok,https://www.rottentomatoes.com/m/1003033-brazil,Brazil,,98,POSITIVE,90,POSITIVE,R
69,Walk the Line,,ok,https://www.rottentomatoes.com/m/walk_the_line,Walk the Line,,83,POSITIVE,90,POSITIVE,PG-13
70,Million Dollar Baby,,ok,https://www.rottentomatoes.com/m/million_dollar_baby,Million Dollar Baby,,90,POSITIVE,90,POSITIVE,PG-13
71,Billy Elliot,,ok,https://www.rottentomatoes.com/m/billy_elliot,Billy Elliot,,85,POSITIVE,89,POSITIVE,R
73,American History X,,ok,https://www.rottentomatoes.com/m/american_history_x,American History X,,84,POSITIVE,96,POSITIVE,R
74,War of the Worlds,,ok,https://www.rottentomatoes.com/m/war_of_the_worlds,War of the Worlds,,76,POSITIVE,42,NEGATIVE,PG-13
75,Mars Attacks!,,ok,https://www.rottentomatoes.com/m/mars_attacks,Mars Attacks!,,56,NEGATIVE,53,NEGATIVE,PG-13
76,Before Sunrise,,ok,https://www.rottentomatoes.com/m/before_sunrise,Before Sunrise,,100,POSITIVE,93,POSITIVE,R
77,Memento,,ok,https://www.rottentomatoes.com/m/memento,Memento,,94,POSITIVE,94,POSITIVE,R
78,Blade Runner,,ok,https://www.rottentomatoes.com/m/blade_runner,Blade Runner,,89,POSITIVE,91,POSITIVE,R
79,Hero,,ok,https://www.rottentomatoes.com/m/hero,Hero,,94,POSITIVE,87,POSITIVE,PG-13
80,Before Sunset,,ok,https://www.rottentomatoes.com/m/before_sunset,Before Sunset,,94,POSITIVE,91,POSITIVE,R
